{
    "Resort Shangri-La's Rasa Sentosa Resort & Spa (SG Clean)" : [1.2581057091138883, 103.80981923012519],
    "Marina Bay Sands (SG Clean)" : [1.2849072539626836, 103.86098773962462],
    "Resort Amara Sanctuary Resort Sentosa (SG Clean,Staycation Approved)" : [1.2521871618325837, 103.82206243779564],
    "Capella Singapore (SG Clean)" : [1.2499796298936434, 103.824198883818],
    "Pan Pacific Singapore (SG Clean,Staycation Approved)" : [1.2934592781256362, 103.85837305850627],
    "Carlton Hotel Singapore (SG Clean,Staycation Approved)" : [1.2970692799955348, 103.8529865307332],
    "PARKROYAL COLLECTION Pickering,Singapore (SG Clean,Staycation Approved)" : [1.2860230217456008, 103.8461122549827],
    "W Singapore - Sentosa Cove (SG Clean)" : [1.24654313023255, 103.84233469731241],
    "Hotel Boss (SG Clean)" : [1.305972885594685, 103.8599771015747],
    "Resort Resorts World Sentosa - Equarius Hotel (SG Clean)" : [1.2579065195354018, 103.81681077871117],
    "Shangri-La Hotel Singapore (SG Clean,Staycation Approved)" : [1.3114876496975376, 103.82633059731222],
    "PARKROYAL COLLECTION Marina Bay,Singapore (SG Clean,Staycation Approved)": [1.2920067212371737, 103.85711839731226],
    "Resort Sofitel Singapore Sentosa Resort & Spa (SG Clean)": [1.2459168513932504, 103.82786466847722],
   "The Ritz-Carlton,Millenia Singapore (SG Clean)" : [1.2912261257536326, 103.86009943964177],
    "Aparthotel Shangri-La Apartments (SG Clean,Staycation Approved)" : [1.3099811019259089, 103.82670018381783],
    "Aparthotel Pan Pacific Serviced Suites Beach Road (SG Clean,Staycation Approved)" : [1.2998211291793353, 103.86004819731225],
    "Andaz Singapore – A Concept by Hyatt (SG Clean)" : [1.2995327509812002, 103.85817019731229],
    "Ramada by Wyndham Singapore at Zhongshan Park (SG Clean)" : [1.3272922960659637, 103.84646438197132],
    "Mandarin Orchard Singapore (SG Clean / Staycation Approved)" : [1.3028474805195178, 103.83600043581346],
    "Four Seasons Hotel Singapore (SG Clean,Staycation Approved)" : [1.3052985722052628, 103.82858683949216]
        
}