{
    "Millennium Hilton Bangkok" : [13.728609480579797, 100.50940824947058],
    "Centre Point Sukhumvit 10" : [13.73526924113176, 100.55718969549304],
    "Royal Orchid Sheraton Hotel and Towers" : [13.729271858591746, 100.51363837035056],
    "Pathumwan Princess" : [13.743544980257349, 100.52963365500989],
    "Bangkok Marriott Hotel Sukhumvi" : [13.72369707654754, 100.58040645131697],
    "Siam Kempinski Hotel Bangkok" : [13.748992554426511, 100.53531565500984],
    "Oakwood Suites Bangkok - SHA Certified" : [13.72875625907328, 100.56853812432819],
    "Novotel Bangkok on Siam Squar" : [13.74483874404547, 100.53479642617462],
    "Carlton Hotel Bangkok Sukhumvi" : [13.734884953348555, 100.56449479733939],
    "lebua at State Tower (The World’s First Vertical Destination)" : [13.72180679191372, 100.5168609108337],
    "Sheraton Grande Sukhumvit,a Luxury Collection Hotel,Bangkok" : [13.73755609733326, 100.5590304531634],
    "Novotel Bangkok Platinum Pratunam - SHA Certified" : [13.750004439214857, 100.54052142432828],
    "The Quarter Ari by UHG" : [13.784845622235924, 100.54685644193998],
    "Bangkok Marriott Marquis Queen’s Park" : [13.730574657375008, 100.56571979549298],
    "Evergreen Place Siam by UHG" : [13.75106036622866, 100.5305986666579],
    "Chatrium Hotel Riverside Bangkok" : [13.711257629203072, 100.50952086850411],
    "Asoke Residence Sukhumvit by UHG" : [13.74690223578991, 100.56159998199867],
    "Siri Sathorn Bangkok by UHG" : [13.725813663933838, 100.53864025316334],
    "Centara Grand At Centralworld" : [13.747885033835345, 100.53870478199876],
    "Aparthotel The Residence on Thonglor by UHG" : [13.740146040340388, 100.58418868395641]
}