{
    "Mandarin Oriental,Kuala Lumpur": [3.1561168489828964, 101.71178307827523],
    "Grand Hyatt Kuala Lumpur" : [3.153781836170201, 101.71213798012155],
    "Traders Hotel Kuala Lumpur" : [3.1541311493936366, 101.71480846662719],
    "The RuMa Hotel and Residences" : [3.1530265252040923, 101.7144488684736],
    "Pullman Kuala Lumpur City Centre Hotel & Residences" : [3.1506632617659562, 101.71446972614397],
    "DoubleTree By Hilton Kuala Lumpur" : [3.1620202352564357, 101.71978639730881],
    "JW Marriott Hotel,Kuala Lumpur" : [3.1479132494872, 101.7139283126495],
    "Apartments Somerset Kuala Lumpur" : [3.1611261175423286, 101.72280997263489],
    "Komune Living" : [3.1143895095294134, 101.66528743963843],
    "Hilton Kuala Lumpur" : [3.1356804042979896, 101.68574225497916],
    "Dorsett Hartamas Kuala Lumpur" : [3.162715672609829, 101.65575212614392],
    "Dorsett Kuala Lumpur" : [3.14757840935909, 101.7156166268131],
    "Le Méridien Kuala Lumpur": [3.1359833914511714, 101.68653199730878],
    "Hilton Garden Inn Kuala Lumpur - South" : [3.1641162228240094, 101.69833664730882],
    "Sunway Putra Hotel,Kuala Lumpur" : [3.166562084189575, 101.69258355313282],
    "The Ritz-Carlton,Kuala Lumpur" : [3.1472197761342873, 101.71548012614403],
    "Shangri-La Hotel Kuala Lumpur" : [3.154370686431316, 101.70628072614407],
    "InterContinental Kuala Lumpur,an IHG h": [3.1597497732857476, 101.7178766549792],
    "VE Hotel & Residenc" : [3.110507762889848, 101.66582522799038],
    "Aparthotel THE FACE Suites" : [3.1583717858096234, 101.70470872614396]
}